{
  "schema": "fixture-drift-summary-v1",
  "generatedAtUtc": "2025-10-09T00:26:04.6706461Z",
  "status": "fail-structural",
  "exitCode": 5,
  "categories": [
    "untracked=2",
    "duplicate=1"
  ],
  "artifactPaths": [
    "validator-strict.json",
    "validator-override.json",
    "fixtures.manifest.json",
    "hints.txt"
  ],
  "notes": [
    "not_ready: busy:mutex_error"
  ],
  "files": [
    {
      "path": "base.vi",
      "lastWriteTimeUtc": "2025-10-06T13:31:58.7217877Z",
      "length": 13183
    },
    {
      "path": "head.vi",
      "lastWriteTimeUtc": "2025-10-06T13:31:58.7237914Z",
      "length": 17147
    },
    {
      "path": "fixtures.manifest.json",
      "lastWriteTimeUtc": "2025-10-08T13:29:12.5280174Z",
      "length": 601
    },
    {
      "path": "strict.json",
      "lastWriteTimeUtc": "2025-10-09T00:26:02.0724910Z",
      "length": 791
    },
    {
      "path": "override.json",
      "lastWriteTimeUtc": "2025-10-09T00:26:02.8176552Z",
      "length": 791
    }
  ]
}
