{
  "schema": "handshake-marker/v1",
  "name": "start",
  "atUtc": "2025-10-09T00:26:04.6076653Z",
  "pid": 28580,
  "manifestPath": "C:\\actions-runner\\_work\\compare-vi-cli-action\\compare-vi-cli-action\\scripts\\..\\fixtures.manifest.json",
  "headPath": "C:\\actions-runner\\_work\\_temp\\fixtures-bf8aa131-b06d-4d79-8b02-e4ea3e33370a\\head.vi",
  "simulate": false,
  "basePath": "C:\\actions-runner\\_work\\_temp\\fixtures-bf8aa131-b06d-4d79-8b02-e4ea3e33370a\\base.vi",
  "strictJson": "C:\\actions-runner\\_work\\compare-vi-cli-action\\compare-vi-cli-action\\strict.json",
  "renderReport": true,
  "overrideJson": "C:\\actions-runner\\_work\\compare-vi-cli-action\\compare-vi-cli-action\\override.json"
}
