{
  "ok": false,
  "exitCode": 5,
  "summary": "Fixture validation failed",
  "issues": [
    {
      "type": "untracked",
      "fixture": "VI1.vi"
    },
    {
      "type": "untracked",
      "fixture": "VI2.vi"
    },
    {
      "type": "duplicate",
      "path": "VI1.vi"
    }
  ],
  "manifestPresent": true,
  "fixtureCount": 2,
  "checked": [
    "VI1.vi",
    "VI2.vi"
  ],
  "summaryCounts": {
    "missing": 0,
    "untracked": 2,
    "tooSmall": 0,
    "sizeMismatch": 0,
    "hashMismatch": 0,
    "manifestError": 0,
    "duplicate": 1,
    "schema": 0
  },
  "autoManifest": {
    "written": false,
    "reason": null,
    "path": "C:\\actions-runner\\_work\\compare-vi-cli-action\\compare-vi-cli-action\\fixtures.manifest.json"
  }
}
