{
  "schema": "fixture-drift-summary-v1",
  "generatedAtUtc": "2025-10-09T00:24:41.4854921Z",
  "status": "fail-structural",
  "exitCode": 8,
  "categories": [
    "duplicate=1"
  ],
  "artifactPaths": [
    "validator-strict.json",
    "validator-override.json",
    "fixtures.manifest.json",
    "hints.txt"
  ],
  "notes": [
    "not_ready: busy:mutex_error"
  ],
  "files": [
    {
      "path": "VI1.vi",
      "lastWriteTimeUtc": "2025-10-09T00:24:25.9770966Z",
      "length": 13183
    },
    {
      "path": "VI2.vi",
      "lastWriteTimeUtc": "2025-10-09T00:24:25.9770966Z",
      "length": 17147
    },
    {
      "path": "fixtures.manifest.json",
      "lastWriteTimeUtc": "2025-10-09T00:24:25.9800966Z",
      "length": 601
    },
    {
      "path": "strict.json",
      "lastWriteTimeUtc": "2025-10-09T00:24:38.1570746Z",
      "length": 608
    },
    {
      "path": "override.json",
      "lastWriteTimeUtc": "2025-10-09T00:24:39.1020727Z",
      "length": 608
    }
  ]
}
