{
  "schema": "handshake-marker/v1",
  "name": "start",
  "atUtc": "2025-10-09T00:24:41.4179952Z",
  "pid": 2306,
  "overrideJson": "/home/runner/work/compare-vi-cli-action/compare-vi-cli-action/override.json",
  "simulate": false,
  "renderReport": false,
  "strictJson": "/home/runner/work/compare-vi-cli-action/compare-vi-cli-action/strict.json",
  "headPath": "/home/runner/work/compare-vi-cli-action/compare-vi-cli-action/VI2.vi",
  "basePath": "/home/runner/work/compare-vi-cli-action/compare-vi-cli-action/VI1.vi",
  "manifestPath": "/home/runner/work/compare-vi-cli-action/compare-vi-cli-action/scripts/../fixtures.manifest.json"
}
